Country,3TC,ABC,AZT,ddl,d4T,EFV,FTC,LPV/r,NVP,TDF,ATV/r
Afghanistan,35.66780209225043,3.483114137407181,15.831562541727992,0.1026422271952834,0.523835752119729,21.36337968173854,7.057697954414172,4.612259382938521,16.42590131520838,23.749158708573933,0.41262828341289814
Albania,0.0,0.0,0.0,0.0,0.0,0.0,0.0,0.0,0.0,0.0,0.0
Algeria,186.16683228380228,3.7142387496911136,70.80180194083322,0.0882670370730784,0.45592540352179795,140.01489989698123,49.13222219757404,15.754865045644234,77.09206589122661,164.99281912085982,2.5134754857124357
American Samoa,0.0,0.0,0.0,0.0,0.0,0.0,0.0,0.0,0.0,0.0,0.0
Andorra,0.17692688879003476,0.0007059244420592481,0.06580248435073094,0.0,0.0,0.1368831362443209,0.04982572069509053,0.014843239182804282,0.07224947995309407,0.16528726545888048,0.002776754104906053
Angola,0.0,0.0,0.0,0.0,0.0,0.0,0.0,0.0,0.0,0.0,0.0
Anguilla,0.0,0.0,0.0,0.0,0.0,0.0,0.0,0.0,0.0,0.0,0.0
Antigua and Barbuda,0.8265182264536824,0.003297743049975442,0.30739789205447005,0.0,0.0,0.6394528710349775,0.2327620554587082,0.06934054969314643,0.3375151874393646,0.7721434454464194,0.012971673744902245
Argentina,3783.1752399712955,122.25680156146848,1502.665106520955,3.1369011725742912,16.203024145127294,2719.58664213522,953.9801014606982,350.7388265300558,1618.6119183202238,3192.0176709236484,50.9278503323779
Armenia,0.0,0.0,0.0,0.0,0.0,0.0,0.0,0.0,0.0,0.0,0.0
Aruba,0.0,0.0,0.0,0.0,0.0,0.0,0.0,0.0,0.0,0.0,0.0
Australia,28.294965713711832,0.4196127554060121,10.592121525648562,0.009244046328681128,0.04771365791644804,21.621489553384897,7.615524869971142,2.3268123552179167,11.58183295108846,25.567094518926684,0.3883414316486215
Austria,0.0,0.0,0.0,0.0,0.0,0.0,0.0,0.0,0.0,0.0,0.0
Azerbaijan,25.93441380697453,0.4094426645812236,9.97188420664444,0.008937845529750117,0.04608649812162042,19.374910971995803,7.002043411430096,2.328492876948555,10.845178621324255,23.237267940288113,0.3955959245345267
Bahamas,0.0,0.0,0.0,0.0,0.0,0.0,0.0,0.0,0.0,0.0,0.0
Bahrain,38.0319422637266,0.1517444737007262,14.144804686000493,0.0,0.0,29.42419645834553,10.710463207054273,3.190680735233121,15.53064132281917,35.529906052445426,0.5968869543830523
Bangladesh,0.0,0.0,0.0,0.0,0.0,0.0,0.0,0.0,0.0,0.0,0.0
Barbados,17.25869139555985,0.06814839034800343,6.402401313872006,0.0,0.0,13.380694001265542,4.8590119226218835,1.4351223089512788,7.033786497418358,16.13411663847565,0.2681005105465547
Belarus,131.77771577907288,1.052728362080622,49.841856072243125,0.014941540526451304,0.07716629599079206,100.31036687589578,36.60652842796935,11.515944222504938,54.47743979339188,121.22998247749712,2.0934009613982285
Belgium,0.0,0.0,0.0,0.0,0.0,0.0,0.0,0.0,0.0,0.0,0.0
Belize,14.648975571892354,0.6940941925645193,6.0376972492098995,0.018715637208775383,0.09646223020534547,10.048167578218216,3.4928064632627343,1.482417749431814,6.43567381028717,11.68234495922556,0.19169084745075193
Benin,400.55619302486167,30.52022017986378,171.85446252884861,0.8747829864629779,4.48226404286152,255.99803651531954,85.84425353977964,46.003000490669734,180.4719300226955,289.0146730289758,4.683174990167928
Bermuda,0.8773595101021402,0.0035005957934931644,0.3263067351055617,0.0,0.0,0.6787872786204002,0.24707985427477266,0.07360586707206912,0.35827662358323975,0.8196399950333253,0.01376959510120374
Bhutan,1.0187660146696866,0.004138644035132819,0.38054870006932323,0.0,0.0,0.7853120814020472,0.28700684188035697,0.0867881096576311,0.4173974704479967,0.9506391157242231,0.016275195042368483
Bolivia,0.0,0.0,0.0,0.0,0.0,0.0,0.0,0.0,0.0,0.0,0.0
"Bonaire, Saint Eustatius and Saba",0.0,0.0,0.0,0.0,0.0,0.0,0.0,0.0,0.0,0.0,0.0
Bosnia and Herzegovina,0.0,0.0,0.0,0.0,0.0,0.0,0.0,0.0,0.0,0.0,0.0
Botswana,2332.291708960954,99.98276810372283,947.0652811877633,2.6554879250654078,13.71638205982078,1630.7409640758383,562.1364243134695,223.1478707285914,1013.5327798484224,1889.8372748041102,29.300532811773316
Brazil,26289.592343782457,698.9335160699142,10268.913287286703,17.602416567409946,90.67223413342224,19232.999688166947,6809.368920392517,2405.368228539971,11107.31619733938,22729.252849050714,368.483404861528
British Virgin Islands,0.0,0.0,0.0,0.0,0.0,0.0,0.0,0.0,0.0,0.0,0.0
Brunei Darussalam,0.0,0.0,0.0,0.0,0.0,0.0,0.0,0.0,0.0,0.0,0.0
Bulgaria,0.0,0.0,0.0,0.0,0.0,0.0,0.0,0.0,0.0,0.0,0.0
Burkina Faso,0.0,0.0,0.0,0.0,0.0,0.0,0.0,0.0,0.0,0.0,0.0
Burundi,2295.019424460172,131.4326954119677,943.381681590598,3.7270118851680665,19.06949260857954,1557.4700862137906,533.3556854430636,242.99982619859543,1002.3779313472023,1790.8242059365202,28.74689879562379
Cambodia,3983.284772430735,14.901242806985325,1457.1680454525601,0.0,0.0,3121.96780000568,1118.9574626577255,316.19961885796573,1605.4102444227703,3736.778154795114,58.66457180204356
Cameroon,38770.317383011155,1603.0598104567177,15553.80069886066,44.307641955342746,226.34891602042396,27271.737869830453,9613.158080741907,3946.170010192176,16660.732678946748,32035.348140586662,543.1106059907389
Canada,0.0,0.0,0.0,0.0,0.0,0.0,0.0,0.0,0.0,0.0,0.0
Cape Verde,0.0,0.0,0.0,0.0,0.0,0.0,0.0,0.0,0.0,0.0,0.0
Cayman Islands,0.0,0.0,0.0,0.0,0.0,0.0,0.0,0.0,0.0,0.0,0.0
Central African Republic,0.0,0.0,0.0,0.0,0.0,0.0,0.0,0.0,0.0,0.0,0.0
Chad,0.0,0.0,0.0,0.0,0.0,0.0,0.0,0.0,0.0,0.0,0.0
Chile,123.01600595397838,0.4497354048210259,44.71988757254269,0.0,0.0,96.85799868480278,34.50956765471491,9.572687350199857,49.323818120795714,115.57494407234691,1.7710694528949482
China,0.0,0.0,0.0,0.0,0.0,0.0,0.0,0.0,0.0,0.0,0.0
"China, Hong Kong SAR",0.0,0.0,0.0,0.0,0.0,0.0,0.0,0.0,0.0,0.0,0.0
"China, Macao SAR",0.0,0.0,0.0,0.0,0.0,0.0,0.0,0.0,0.0,0.0,0.0
Colombia,0.0,0.0,0.0,0.0,0.0,0.0,0.0,0.0,0.0,0.0,0.0
Comoros,0.0,0.0,0.0,0.0,0.0,0.0,0.0,0.0,0.0,0.0,0.0
Congo,426.3333008211798,1.7025242744088793,158.59537672826139,0.0,0.0,329.7830877201751,120.06546571764787,35.793787895953194,174.12509306337202,398.2633085638127,6.6967978593272734
Cook Islands,0.0,0.0,0.0,0.0,0.0,0.0,0.0,0.0,0.0,0.0,0.0
Costa Rica,25.390574967487737,0.6071193775861429,9.80478426817099,0.015238392599341405,0.07823579622914552,18.7761515058618,6.660677019075078,2.2963207770637735,10.632478709638697,22.23095201920125,0.3594649661613291
Cote d'Ivoire,0.0,0.0,0.0,0.0,0.0,0.0,0.0,0.0,0.0,0.0,0.0
Croatia,0.0,0.0,0.0,0.0,0.0,0.0,0.0,0.0,0.0,0.0,0.0
Cuba,98.76440227568152,2.409552464926348,38.328842272605335,0.05924748555874182,0.3060308203010941,72.84099245922853,25.68430700927844,8.761280268698922,41.540157812247166,85.93616343496439,1.357461268088353
Curacao,0.0,0.0,0.0,0.0,0.0,0.0,0.0,0.0,0.0,0.0,0.0
Cyprus,0.0,0.0,0.0,0.0,0.0,0.0,0.0,0.0,0.0,0.0,0.0
Czech Republic,0.0,0.0,0.0,0.0,0.0,0.0,0.0,0.0,0.0,0.0,0.0
Democratic People's Republic of Korea,0.0,0.0,0.0,0.0,0.0,0.0,0.0,0.0,0.0,0.0,0.0
Democratic Republic of the Congo,0.0,0.0,0.0,0.0,0.0,0.0,0.0,0.0,0.0,0.0,0.0
Denmark,0.0,0.0,0.0,0.0,0.0,0.0,0.0,0.0,0.0,0.0,0.0
Djibouti,117.42533331618861,3.3282565781622977,45.9655155429406,0.08786720272937955,0.44824096249593,85.33942996390248,30.5347857841892,11.334526199533656,49.62379349505795,101.47129969464936,1.738274442364071
Dominica,0.0,0.0,0.0,0.0,0.0,0.0,0.0,0.0,0.0,0.0,0.0
Dominican Republic,0.0,0.0,0.0,0.0,0.0,0.0,0.0,0.0,0.0,0.0,0.0
Ecuador,119.06077104093912,1.079368574808053,44.61842724345691,0.017953541196100146,0.09273536062732264,91.28444324964468,32.873491982588135,10.01757143947317,48.86243630223961,109.40675553229383,1.7853216783931458
Egypt,94.48874702884274,7.876880301918941,41.1422216339715,0.22817247050576644,1.1671268702988125,58.877129410330014,19.767161434209633,11.44554096612327,42.99911820177223,66.37511209914167,1.1312298599580262
El Salvador,499.7751377878664,10.094741338134211,192.3145071821259,0.2401410698203281,1.2373534003611577,372.04198861386624,132.56837282434424,44.387665806696724,208.93783024115743,442.01139998527026,7.183477459047341
Equatorial Guinea,0.0,0.0,0.0,0.0,0.0,0.0,0.0,0.0,0.0,0.0,0.0
Eritrea,1196.8442446584243,78.34329118158664,500.1387477306157,2.2339631704039333,11.439983684958419,793.6850756322121,268.4867923150814,130.35607995948638,528.88196580287,903.9210812409169,14.3377591878944
Estonia,0.0,0.0,0.0,0.0,0.0,0.0,0.0,0.0,0.0,0.0,0.0
Ethiopia,0.0,0.0,0.0,0.0,0.0,0.0,0.0,0.0,0.0,0.0,0.0
Fiji,31.61327875031922,0.12625004116886523,11.760212996178423,0.0,0.0,24.45372522242068,8.90305016052035,2.6542585437427078,12.911746929816944,29.531766352802528,0.49659821485923594
Finland,0.0,0.0,0.0,0.0,0.0,0.0,0.0,0.0,0.0,0.0,0.0
France,0.0,0.0,0.0,0.0,0.0,0.0,0.0,0.0,0.0,0.0,0.0
French Polynesia,0.0,0.0,0.0,0.0,0.0,0.0,0.0,0.0,0.0,0.0,0.0
Gabon,222.11534679193605,4.185336439269986,84.7253081645166,0.09975632647038976,0.5120879912478056,166.57920478315984,59.32800327503817,19.543790175880993,92.21420550487319,197.930268423914,3.1923259639659376
Gambia,0.0,0.0,0.0,0.0,0.0,0.0,0.0,0.0,0.0,0.0,0.0
Georgia,0.0,0.0,0.0,0.0,0.0,0.0,0.0,0.0,0.0,0.0,0.0
Germany,0.0,0.0,0.0,0.0,0.0,0.0,0.0,0.0,0.0,0.0,0.0
Ghana,1223.3248678269026,70.61127670725018,506.36492376191427,2.0014668424109554,10.237719417298898,823.8520587687998,284.4219842422321,132.4854330466613,537.2434746909846,951.6056819547375,15.894880645483015
Greece,0.0,0.0,0.0,0.0,0.0,0.0,0.0,0.0,0.0,0.0,0.0
Greenland,0.0,0.0,0.0,0.0,0.0,0.0,0.0,0.0,0.0,0.0,0.0
Grenada,0.0,0.0,0.0,0.0,0.0,0.0,0.0,0.0,0.0,0.0,0.0
Guam,0.0,0.0,0.0,0.0,0.0,0.0,0.0,0.0,0.0,0.0,0.0
Guatemala,0.0,0.0,0.0,0.0,0.0,0.0,0.0,0.0,0.0,0.0,0.0
Guinea,0.0,0.0,0.0,0.0,0.0,0.0,0.0,0.0,0.0,0.0,0.0
Guinea-Bissau,164.99853569822392,0.6589070375855349,61.37921874333516,0.0,0.0,127.63189379543914,46.4674610056945,13.852829648890724,67.38949392044782,154.13495171216164,2.5917793391407233
Guyana,0.0,0.0,0.0,0.0,0.0,0.0,0.0,0.0,0.0,0.0,0.0
Haiti,0.0,0.0,0.0,0.0,0.0,0.0,0.0,0.0,0.0,0.0,0.0
Honduras,635.1820353228295,47.378446994122285,276.8975054499505,1.3254874778747763,6.825782272448619,401.763339207228,134.7327030215352,71.47413148320415,290.4948370797113,453.58459000336217,7.327483094460771
Hungary,0.0,0.0,0.0,0.0,0.0,0.0,0.0,0.0,0.0,0.0,0.0
Iceland,0.0,0.0,0.0,0.0,0.0,0.0,0.0,0.0,0.0,0.0,0.0
India,0.0,0.0,0.0,0.0,0.0,0.0,0.0,0.0,0.0,0.0,0.0
Indonesia,503.6942488836783,27.39506295742503,207.9178826480373,0.7763199485072901,3.9647643424454606,340.62967778254597,119.09054276858157,55.14078350855939,220.76211560298435,396.930529763781,6.922848001541239
Iran,0.0,0.0,0.0,0.0,0.0,0.0,0.0,0.0,0.0,0.0,0.0
Iraq,0.0,0.0,0.0,0.0,0.0,0.0,0.0,0.0,0.0,0.0,0.0
Ireland,0.0,0.0,0.0,0.0,0.0,0.0,0.0,0.0,0.0,0.0,0.0
Israel,0.0,0.0,0.0,0.0,0.0,0.0,0.0,0.0,0.0,0.0,0.0
Italy,0.0,0.0,0.0,0.0,0.0,0.0,0.0,0.0,0.0,0.0,0.0
Jamaica,0.0,0.0,0.0,0.0,0.0,0.0,0.0,0.0,0.0,0.0,0.0
Japan,0.0,0.0,0.0,0.0,0.0,0.0,0.0,0.0,0.0,0.0,0.0
Jordan,0.0,0.0,0.0,0.0,0.0,0.0,0.0,0.0,0.0,0.0,0.0
Kazakhstan,281.3977990813621,17.92830017382076,122.12439429561626,0.48877701974073423,2.5246781510630822,181.0783042455338,62.136622358866575,30.75306970601427,128.6057877435541,207.88662327425524,3.519502832186295
Kenya,84805.44955355556,10524.808297463764,40823.718243800235,301.17371194845384,1550.7124745300916,45146.192211053225,13883.043878768829,11320.822603896675,41734.30955173677,47478.86518243791,747.3447734892212
Kiribati,0.2079844447792558,0.000829841660257964,0.07735338176337889,0.0,0.0,0.16091145492986153,0.05857207417914174,0.017448805443161807,0.08493207604790372,0.19430161447276284,0.0032641825374704328
Kuwait,0.0,0.0,0.0,0.0,0.0,0.0,0.0,0.0,0.0,0.0,0.0
Kyrgyzstan,152.22168870014215,2.8423850816911367,59.183410499837535,0.06466557263982978,0.334016845669954,112.47087749234194,40.61990791861329,13.923681276471513,64.18738586839567,134.7574889798713,2.3155150641283155
Lao People's Democratic Republic,0.0,0.0,0.0,0.0,0.0,0.0,0.0,0.0,0.0,0.0,0.0
Latvia,0.0,0.0,0.0,0.0,0.0,0.0,0.0,0.0,0.0,0.0,0.0
Lebanon,23.33645396551421,0.09304675561372734,8.677814826518714,0.0,0.0,18.057240609848314,6.571845786692689,1.9566615251179047,9.528394643951614,21.80216694058426,0.3660029732890661
Lesotho,2023.475108298835,189.06282560076966,908.2512457175012,5.409722590575165,27.786130134143267,1212.049977515258,397.2961220391478,247.78307307755782,943.6423326375086,1341.5349600350226,21.96914079179574
Liberia,157.97904603078848,4.514435488436035,61.81815621202959,0.11929146169069771,0.6087191559331674,114.84137866634562,41.0330157816024,15.207026194640317,66.74291820765526,136.42196878997703,2.323789962590416
Libya,0.0,0.0,0.0,0.0,0.0,0.0,0.0,0.0,0.0,0.0,0.0
Lithuania,0.0,0.0,0.0,0.0,0.0,0.0,0.0,0.0,0.0,0.0,0.0
Luxembourg,0.0,0.0,0.0,0.0,0.0,0.0,0.0,0.0,0.0,0.0,0.0
Madagascar,248.3944535940743,7.600489432391548,98.10129301432357,0.203174716169082,1.0354399518969701,178.62655899200377,64.17759011939306,24.737347848594766,105.62190238017496,212.88733666858394,3.761748829596821
Malawi,56656.199923396496,5958.308541504205,25994.623494892792,170.90419784458766,878.4506379595465,32696.58195408808,10431.346876412972,7126.838206094597,26852.92081316125,35459.822388426066,558.8448895277793
Malaysia,305.10004188841623,7.629667750341537,120.35844002210982,0.18619837461151523,0.9617697828643934,221.6896137834326,79.4190136025868,28.502640582953507,130.0009723338736,263.9218556221037,4.4866812312756865
Maldives,0.06192275021170906,0.00025155552610949764,0.023130553786115084,0.0,0.0,0.04773292704572908,0.01744488206604644,0.005275164619049805,0.02537029988179441,0.05778185339600004,0.0009892407311822122
Mali,624.6184305207744,52.48142950869282,271.1621402880872,1.5256586861447643,7.79947458721187,390.106499936494,130.47040460395255,75.45674432288322,283.4841222088409,438.69156629421155,7.359429084586413
Malta,0.0,0.0,0.0,0.0,0.0,0.0,0.0,0.0,0.0,0.0,0.0
Marshall Islands,1.2964608926296695,0.005172777515843495,0.48217853251146703,0.0,0.0,1.0030337062664518,0.36510616769468696,0.10876627770972255,0.5294199537028967,1.2111696372587035,0.02034712264528536
Mauritania,0.0,0.0,0.0,0.0,0.0,0.0,0.0,0.0,0.0,0.0,0.0
Mauritius,0.0,0.0,0.0,0.0,0.0,0.0,0.0,0.0,0.0,0.0,0.0
Mexico,5098.529186516199,167.67032003527416,2031.4542033569903,4.308073495802167,22.25247625961423,3653.4548194908766,1283.285014172625,476.3764696610684,2186.680866152845,4290.584644670364,69.0236897713102
Micronesia (Federated States of),0.0,0.0,0.0,0.0,0.0,0.0,0.0,0.0,0.0,0.0,0.0
Monaco,0.0,0.0,0.0,0.0,0.0,0.0,0.0,0.0,0.0,0.0,0.0
Mongolia,0.0,0.0,0.0,0.0,0.0,0.0,0.0,0.0,0.0,0.0,0.0
Montenegro,0.0,0.0,0.0,0.0,0.0,0.0,0.0,0.0,0.0,0.0,0.0
Montserrat,0.0,0.0,0.0,0.0,0.0,0.0,0.0,0.0,0.0,0.0,0.0
Morocco,264.67700097487784,15.119912630820448,112.80920478824369,0.40937437019081513,2.1145399359695527,174.54398473126864,60.19092332967731,27.98262659419291,119.33709751387742,201.37373045320552,3.3578644520777807
Mozambique,0.0,0.0,0.0,0.0,0.0,0.0,0.0,0.0,0.0,0.0,0.0
Myanmar,5782.9860526668235,118.41625922012965,2232.462209576711,2.8230911247904573,14.539996423218918,4291.795699768729,1533.9000144836502,519.6779789552468,2423.6324210631346,5107.555767378622,84.21875940427338
Namibia,7435.697663128915,632.2347536866222,3355.426981615367,17.572111045983085,90.76516086901967,4500.157257989836,1475.3173625616978,851.6514447377347,3496.187080006966,4994.039501493343,78.19938055368652
Nauru,0.0,0.0,0.0,0.0,0.0,0.0,0.0,0.0,0.0,0.0,0.0
Nepal,171.4180881934528,8.601728017505073,70.79327177053904,0.23610709593489257,1.2130722853603122,116.79530105869912,40.723009701265994,17.925596981811374,75.33175548552032,135.95621141247838,2.292410147023937
Netherlands,0.0,0.0,0.0,0.0,0.0,0.0,0.0,0.0,0.0,0.0,0.0
New Caledonia,0.0,0.0,0.0,0.0,0.0,0.0,0.0,0.0,0.0,0.0,0.0
New Zealand,0.0,0.0,0.0,0.0,0.0,0.0,0.0,0.0,0.0,0.0,0.0
Nicaragua,0.0,0.0,0.0,0.0,0.0,0.0,0.0,0.0,0.0,0.0,0.0
Niger,0.0,0.0,0.0,0.0,0.0,0.0,0.0,0.0,0.0,0.0,0.0
Nigeria,11257.844956148043,45.09530482392298,4191.034169555685,0.0,0.0,8702.90405596202,3170.698126249364,947.6507346194996,4600.6157191612565,10514.541105799832,177.37257265462952
Niue,0.0,0.0,0.0,0.0,0.0,0.0,0.0,0.0,0.0,0.0,0.0
Northern Mariana Islands,0.0,0.0,0.0,0.0,0.0,0.0,0.0,0.0,0.0,0.0,0.0
Norway,0.0,0.0,0.0,0.0,0.0,0.0,0.0,0.0,0.0,0.0,0.0
Oman,0.0,0.0,0.0,0.0,0.0,0.0,0.0,0.0,0.0,0.0,0.0
Pakistan,0.0,0.0,0.0,0.0,0.0,0.0,0.0,0.0,0.0,0.0,0.0
Palau,0.0,0.0,0.0,0.0,0.0,0.0,0.0,0.0,0.0,0.0,0.0
Panama,0.0,0.0,0.0,0.0,0.0,0.0,0.0,0.0,0.0,0.0,0.0
Papua New Guinea,0.0,0.0,0.0,0.0,0.0,0.0,0.0,0.0,0.0,0.0,0.0
Paraguay,0.0,0.0,0.0,0.0,0.0,0.0,0.0,0.0,0.0,0.0,0.0
Peru,0.0,0.0,0.0,0.0,0.0,0.0,0.0,0.0,0.0,0.0,0.0
Philippines,1047.283332444546,38.71176355575397,416.0661096734373,1.0615618553012103,5.416926135126651,745.7681278362699,264.1299542672093,104.68944658839051,446.9414811796405,879.5024513215229,14.931272792694536
Poland,0.0,0.0,0.0,0.0,0.0,0.0,0.0,0.0,0.0,0.0,0.0
Portugal,0.0,0.0,0.0,0.0,0.0,0.0,0.0,0.0,0.0,0.0,0.0
Puerto Rico,26.543423520615466,0.10590618287178163,9.872005452505865,0.0,0.0,20.53586700704909,7.475094462318797,2.2268541923807303,10.839214766360644,24.79719119938863,0.4165820171437966
Qatar,0.0,0.0,0.0,0.0,0.0,0.0,0.0,0.0,0.0,0.0,0.0
Republic of Korea,0.0,0.0,0.0,0.0,0.0,0.0,0.0,0.0,0.0,0.0,0.0
Republic of Moldova,0.0,0.0,0.0,0.0,0.0,0.0,0.0,0.0,0.0,0.0,0.0
Romania,0.0,0.0,0.0,0.0,0.0,0.0,0.0,0.0,0.0,0.0,0.0
Russia,0.0,0.0,0.0,0.0,0.0,0.0,0.0,0.0,0.0,0.0,0.0
Rwanda,4443.186966278944,402.6075604747876,1989.812853180587,11.389950988991169,58.654138075576306,2686.5387729052927,870.171734635924,520.4848907329169,2070.9536661837506,2957.0163848571424,45.22083944176027
Saint Kitts and Nevis,0.0,0.0,0.0,0.0,0.0,0.0,0.0,0.0,0.0,0.0,0.0
Saint Lucia,31.15926499373143,0.11104012768108745,11.245659217499309,0.0,0.0,24.657812406472228,8.725119467640054,2.3713610015639257,12.417797133219066,29.32286424216822,0.4374139201162607
Saint Vincent and the Grenadines,5.818612429774615,0.020735388567699433,2.099989602357915,0.0,0.0,4.604545511205542,1.629309567985392,0.4428227238979644,2.318872051837682,5.475687003220337,0.08168171081881882
Samoa,0.7221843130724568,0.0028814588995266953,0.26859411977615877,0.0,0.0,0.5587327872877643,0.20337979218199412,0.060587480887232176,0.29490961722436804,0.6746734263026826,0.011334219855086557
San Marino,0.0,0.0,0.0,0.0,0.0,0.0,0.0,0.0,0.0,0.0,0.0
Sao Tome and Principe,0.5983099704208857,0.002389297871642617,0.22257045127932756,0.0,0.0,0.46281280181283935,0.1684981330422195,0.05023248274537623,0.24436462992595878,0.5589169504412805,0.009398188978930681
Saudi Arabia,0.0,0.0,0.0,0.0,0.0,0.0,0.0,0.0,0.0,0.0,0.0
Senegal,0.0,0.0,0.0,0.0,0.0,0.0,0.0,0.0,0.0,0.0,0.0
Serbia,0.0,0.0,0.0,0.0,0.0,0.0,0.0,0.0,0.0,0.0,0.0
Seychelles,8.48475438908313,0.03388311511671076,3.156316469277687,0.0,0.0,6.5632417068747415,2.3895060162152677,0.7123569713346958,3.465384113258923,7.9261140259013665,0.13327761383003559
Sierra Leone,230.22349108616564,7.360091407752516,90.63988167558335,0.19761623337091047,1.0088222657490873,166.01076261751226,59.070594817800696,22.45510779206635,97.66524987504498,196.55687905518636,3.3336786487753987
Singapore,0.0,0.0,0.0,0.0,0.0,0.0,0.0,0.0,0.0,0.0,0.0
Sint Maarten (Dutch part),0.0,0.0,0.0,0.0,0.0,0.0,0.0,0.0,0.0,0.0,0.0
Slovakia,0.0,0.0,0.0,0.0,0.0,0.0,0.0,0.0,0.0,0.0,0.0
Slovenia,0.0,0.0,0.0,0.0,0.0,0.0,0.0,0.0,0.0,0.0,0.0
Solomon Islands,13.460479364885988,0.053706259407430214,5.006208998635457,0.0,0.0,10.41397745372741,3.7907075054756416,1.1292637094032119,5.496692112110108,12.574944606797414,0.21125359512089936
Somalia,245.76110430081096,18.577646748674052,104.78600020997885,0.5428376855092849,2.7676375000616247,157.37946079346045,53.61961318050064,29.336358999949866,110.01547434433584,179.50880621829992,3.118358944219599
South Africa,0.0,0.0,0.0,0.0,0.0,0.0,0.0,0.0,0.0,0.0,0.0
South Sudan,0.0,0.0,0.0,0.0,0.0,0.0,0.0,0.0,0.0,0.0,0.0
Spain,0.0,0.0,0.0,0.0,0.0,0.0,0.0,0.0,0.0,0.0,0.0
Sri Lanka,20.849786995501642,1.4703481012481228,8.949992723664167,0.04166958095076921,0.21372258775361377,13.393431531916631,4.573784408750477,2.393573938960139,9.410570455965036,15.311123485869947,0.2619924744017031
Sudan,102.12216893607439,5.31461813913563,41.92901008324416,0.1505051870538212,0.7681049019743188,69.54352699536238,24.388484963812996,11.09416143904605,44.583028758728105,81.24256203480898,1.4199522675674925
Suriname,0.0,0.0,0.0,0.0,0.0,0.0,0.0,0.0,0.0,0.0,0.0
Swaziland,0.0,0.0,0.0,0.0,0.0,0.0,0.0,0.0,0.0,0.0,0.0
Sweden,0.0,0.0,0.0,0.0,0.0,0.0,0.0,0.0,0.0,0.0,0.0
Switzerland,0.0,0.0,0.0,0.0,0.0,0.0,0.0,0.0,0.0,0.0,0.0
Syrian Arab Republic,0.0,0.0,0.0,0.0,0.0,0.0,0.0,0.0,0.0,0.0,0.0
Tajikistan,85.59264437888069,10.751314385157228,42.5849022812717,0.3028515823237042,1.5643181696903679,43.64596991128345,13.497008127128103,11.552500202063428,43.3771865259908,45.93105323282386,0.7756222972859239
Tanzania,0.0,0.0,0.0,0.0,0.0,0.0,0.0,0.0,0.0,0.0,0.0
Thailand,11191.263443880775,54.65159636220199,4124.469531094358,0.3517207129929765,1.8167417114673596,8716.229597800802,3134.0577617608355,906.186328939015,4536.341961499311,10447.959504582383,166.86716073725282
The Former Yugoslav Republic of Macedonia,0.0,0.0,0.0,0.0,0.0,0.0,0.0,0.0,0.0,0.0,0.0
Timor-Leste,4.048059617114699,0.016444873059164377,1.5121075918454057,0.0,0.0,3.1204320499311513,1.1404196741174104,0.34485194528665924,1.6585259226125588,3.777357861766293,0.0646693734017407
Togo,809.5066978512432,47.42562402814884,335.8055731286313,1.3405750923330373,6.864021867698557,543.995870469678,187.1129063479092,87.2931134973533,356.1473928532698,626.7847897212314,10.341303640200834
Tokelau,0.0,0.0,0.0,0.0,0.0,0.0,0.0,0.0,0.0,0.0,0.0
Tonga,0.12446619578676105,0.0004966103819316991,0.04629135207465797,0.0,0.0,0.0962958392147522,0.03505186774979852,0.010442061841878144,0.05082674532306575,0.11627784382778399,0.001953417156863471
Trinidad and Tobago,148.2949440505454,3.6782946278431723,57.78804918147822,0.09050726380303076,0.4674968384504252,108.95998510081068,38.53560618108192,13.308186103303647,62.577378429458406,128.74494419616994,2.0631877159551064
Tunisia,48.4610807204634,0.19622561594309076,18.087962613571218,0.0,0.0,37.380921735212965,13.651700345285443,4.116917362187626,19.843249550293017,45.229927488492855,0.7716924180552335
Turkey,0.0,0.0,0.0,0.0,0.0,0.0,0.0,0.0,0.0,0.0,0.0
Turkmenistan,0.0,0.0,0.0,0.0,0.0,0.0,0.0,0.0,0.0,0.0,0.0
Turks and Caicos Islands,0.0,0.0,0.0,0.0,0.0,0.0,0.0,0.0,0.0,0.0,0.0
Tuvalu,0.0,0.0,0.0,0.0,0.0,0.0,0.0,0.0,0.0,0.0,0.0
Uganda,59920.993283303986,4624.63362628227,26052.85226713689,130.62012270390943,671.5826540824827,37853.50329702795,12631.199591579136,6813.695694838383,27316.298412932083,42585.21805723241,681.5343655048118
Ukraine,2939.4485706171513,42.008953801910806,1125.1312815441254,0.8885457267743976,4.576349511256083,2206.0828207293953,798.4497989429308,262.3476357499139,1225.1050209875218,2649.1144483466173,45.13048270604201
United Arab Emirates,27.43915659539329,0.1094800877506322,10.205145666741183,0.0,0.0,21.22886937289561,7.72734863525121,2.3020015052838265,11.204994378900405,25.633996003472433,0.4306399735646613
United Kingdom of Great Britain and Northern Ireland,0.0,0.0,0.0,0.0,0.0,0.0,0.0,0.0,0.0,0.0,0.0
United States,754.5837707288065,3.010730200375846,280.64409601201623,0.0,0.0,583.7992958718796,212.50404875428637,63.30562566824991,308.1401893688402,704.9413962816498,11.842708574123284
Uruguay,27.26669515486389,0.4045810821939091,10.352222506533316,0.008726192985787383,0.045073372690195845,20.611131186572123,7.363518949813631,2.338590898704486,11.292571582435842,24.55642249205089,0.3954587919117732
US Virgin Islands,0.0,0.0,0.0,0.0,0.0,0.0,0.0,0.0,0.0,0.0,0.0
Uzbekistan,142.33719498813682,1.4716053747188635,54.04201143550303,0.02605899020919822,0.13460240674741072,107.86834181800964,39.18371098893007,12.460055752199104,58.99905488526281,129.92540558283167,2.215965276500383
Vanuatu,16.675728640395427,0.06653485242920068,6.202021526523673,0.0,0.0,12.901521363241976,4.696178197139376,1.3990062813497588,6.80966432149993,15.578669841282714,0.261714871443133
Venezuela,629.3543073742023,2.242786620978796,227.1396346871286,0.0,0.0,498.0380779700782,176.22981544713855,47.896709404849666,250.81445648550084,592.2627160515559,8.83487896091214
Viet Nam,0.0,0.0,0.0,0.0,0.0,0.0,0.0,0.0,0.0,0.0,0.0
Wallis and Futuna Islands,0.0,0.0,0.0,0.0,0.0,0.0,0.0,0.0,0.0,0.0,0.0
West Bank and Gaza Strip,0.0,0.0,0.0,0.0,0.0,0.0,0.0,0.0,0.0,0.0,0.0
Yemen,7.77494307031043,0.6161821777859663,3.3726329716906496,0.017737992907431135,0.09079632593271852,4.887400067958228,1.652592482451262,0.9292961353266729,3.5308737709103135,5.540475102830312,0.09528880795617685
Zambia,20236.19922102825,2806.4428436531184,9888.275335433362,81.23781156083686,417.56380646044227,10325.478872217302,3075.1708057549167,2842.695600828629,10049.21406270462,10586.870021835273,164.16042481736235
Zimbabwe,52929.806501071726,5400.582304742979,24512.041364976983,152.77043589336657,787.3938135970714,30429.66555808107,9741.310849552454,6523.241701782575,25328.335783471077,33087.551831086865,521.8486973155048
